Title,Description,Price,Review
"MOTOROLA razr 40 (Sage Green, 256 GB)",8 GB RAM | 256 GB ROM17.53 cm (6.9 inch) Display64MP Rear Camera4200 mAh BatteryBrand Warranty of 1 Year Available for Mobile and 6 Months for Accessories,"₹49,999",4.3
"Xiaomi 12 Pro 5G (Noir Black, 256 GB)",12 GB RAM | 256 GB ROM17.09 cm (6.73 inch) Full HD+ Display50MP + 50MP + 50MP | 32MP Front Camera4600 mAh Lithium Polymer BatterySnapdragon 8 Gen 1 Processor1 Year Manufacturer Warranty for Phone and 6 Months Warranty for In the Box Accessories,"₹84,999",4.2
KARBONN K9,Expandable Upto 32 GB6.1 cm (2.4 inch) FWVGA Display1.3MP + 0MP | 2MP Front Camera1800 mAh 1800 mAh Battery BatteryNA Processor12 month Handset and 6 Month Box Accessories,"₹1,236",4.1
KARBONN KX70,52 MB RAM | 52 MB ROM | Expandable Upto 32 GB4.57 cm (1.8 inch) FWVGA Display0.03MP Rear Camera1800 mAh BatteryNA Processor12 month Handset and 6 Month Box Accessories,"₹1,095",3.6
"Xiaomi 14 CIVI (Matcha Green, 512 GB)",12 GB RAM | 512 GB ROM16.64 cm (6.55 inch) Display50MP Rear Camera | 32MP + 32MP Dual Front Camera4700 mAh Battery8s Gen 3 Mobile Platform Processor1 Year Manufacturer Warranty for Phone and 6 Months Warranty for In the Box Accessories,"₹47,500",4.3
"realme X50 Pro (Moss Green, 256 GB)",12 GB RAM | 256 GB ROM16.36 cm (6.44 inch) Full HD+ Display64MP + 12MP + 8MP + 2MP | 32MP + 8MP Dual Front Camera4200 mAh Battery5G PhoneQualcomm Snapdragon 865 Processor65W Superdart ChargeBrand Warranty of 1 Year Available for Mobile and 6 Months for Accessories,"₹47,999",4.4
KARBONN Jumbo K9,Expandable Upto 8 GB6.1 cm (2.4 inch) FWVGA Display1.3MP + 0MP | 2MP Front Camera1800 mAh Li-Ion BatteryNA Processor12 month Handset and 6 Month Box Accessories,"₹1,249",4
KARBONN KX6i,52 MB RAM | 32 MB ROM | Expandable Upto 16 GB4.57 cm (1.8 inch) FWVGA+ Display0MP | 0.03MP Front Camera1000 mAh BatteryNA Processor12 month Handset and 6 Month Box Accessories,₹988,4.6
"Apple iPhone XR (Black, 64 GB) (Includes EarPods, Power Adapter)",64 GB ROM15.5 cm (6.102 inch) Display12MP Rear Camera | 7MP Front CameraA12 Bionic Chip ProcessoriOS 13 CompatibleBrand Warranty of 1 Year,"₹47,900",4.6
"OPPO Reno7 Pro 5G (Startrails Blue, 256 GB)",12 GB RAM | 256 GB ROM | Expandable Upto 7 GB16.51 cm (6.5 inch) Full HD+ AMOLED Display50MP + 8MP + 2MP | 32MP Front Camera4500 mAh Lithium-ion Polymer BatteryMediaTek Dimensity 1200-Max Processor65W SuperVOOC | OPPO Sony IMX766 Flagship Rear Camera SensorAircraft-Grade Shooting Star Design | OPPO Glow1 Year Warranty for Phone and 6 Months Warranty for In-Box Accessories,"₹47,990",4.3
"OPPO Reno7 Pro 5G (Starlight Black, 256 GB)",12 GB RAM | 256 GB ROM16.51 cm (6.5 inch) Full HD+ AMOLED Display50MP + 8MP + 2MP | 32MP Front Camera4500 mAh Lithium-ion Polymer BatteryMediaTek Dimensity 1200-Max Processor65W SuperVOOC | OPPO Sony IMX766 Flagship Rear Camera SensorAircraft-Grade Shooting Star Design | OPPO Glow1 Year Warranty for Phone and 6 Months Warranty for In-Box Accessories,"₹47,990",4.3
"OnePlus 9 Pro 5G (Pine Green, 256 GB)",12 GB RAM | 256 GB ROM17.02 cm (6.7 inch) Display48MP Rear Camera4500 mAh Battery1 Year,"₹49,750",3.8
KARBONN K9 Sleek,52 MB RAM | 65 MB ROM | Expandable Upto 32 GB6.1 cm (2.4 inch) FWVGA Display0.3MP Rear Camera1750 mAh BatteryNA Processor1 Year Service Repairing,"₹1,388",4.7
KARBONN k9 jumbo,16 GB RAM | 16 GB ROM | Expandable Upto 32 GB6.1 cm (2.4 inch) FWVGA+ Display2MP Rear Camera | 2MP Front Camera1800 mAh BatteryNA Processor1 Year,"₹1,250",4
"vivo X60 (Midnight Black, 256 GB)",12 GB RAM | 256 GB ROM16.66 cm (6.56 inch) Full HD+ Display48MP + 13MP + 13MP | 32MP Front Camera4300 mAh Lithium-ion BatteryQualcomm Snapdragon 870 ProcessorAMOLED Display1 Year for Handset and 6 Months for In-box Accessories,"₹46,990",4.4
"SAMSUNG Galaxy S22 Plus 5G (Green, 256 GB)",8 GB RAM | 256 GB ROM16.76 cm (6.6 inch) Full HD+ Display50MP + 12MP + 10MP | 10MP Front Camera4500 mAh Lithium-ion BatteryQualcomm Snapdragon 8 Gen 1 Processor1 Year Manufacturer Warranty for Device and 6 Months Manufacturer Warranty for In-Box Accessories,"₹49,999",4.5
"OnePlus 11 5G (Eternal Green, 256 GB)",16 GB RAM | 256 GB ROM17.02 cm (6.7 inch) Display50MP Rear Camera5000 mAh Batterydomestic warranty of 12 months on phone & 6 months on accessories,"₹49,900",4.5
"vivo X70 Pro (Cosmic Black, 256 GB)",8 GB RAM | 256 GB ROM16.66 cm (6.56 inch) Full HD+ Display50MP + 12MP + 12MP + 8MP | 32MP Front Camera4450 mAh BatteryMediaTek Dimensity 1200 Processor1 Year for Handset and 6 Months for In-box Accessories,"₹49,999",4.5
"Apple iPhone 6 Plus (Silver, 64 GB)",64 GB ROM13.97 cm (5.5 inch) Retina HD Display8MP Rear Camera | 1.2MP Front CameraA8 Chip with 64-bit Architecture and M8 Motion Co-processor1 Year Manufacturer Warranty,"₹48,999",4.5
"OnePlus 10 Pro 5G (Emerald Forest, 256 GB)",12 GB RAM | 256 GB ROM17.02 cm (6.7 inch) Display48MP Rear Camera | 32MP Front Camera5000 mAh Battery12 months,"₹49,990",4
"OnePlus 9 5G (Arctic Sky, 256 GB)",12 GB RAM | 256 GB ROM16.64 cm (6.55 inch) Display48MP Rear Camera4500 mAh Battery12 months,"₹45,990",4
"Mi 10T Pro (Cosmic Black, 128 GB)",8 GB RAM | 128 GB ROM16.94 cm (6.67 inch) Full HD+ Display108MP + 13MP + 5MP | 20MP Front Camera5000 mAh Li-ion Polymer BatteryQualcomm Snapdragon 865 Processor144Hz Intelligent AdaptiveSync Display33W Dual Split Flash Charge1 Year Manufacturer Warranty for Device and 6 Months Manufacturer Warranty for In-box Accessories,"₹47,999",4.2
"SAMSUNG Galaxy S7 (Gold Platinum, 32 GB)",4 GB RAM | 32 GB ROM | Expandable Upto 200 GB12.95 cm (5.1 inch) Quad HD Display12MP Rear Camera | 5MP Front Camera3000 mAh Li-Ion BatteryExynos 8890 Octa Core 2.3GHz ProcessorBrand Warranty of 1 Year Available for Mobile and 6 Months for Accessories,"₹46,000",4.4
"Apple iPhone 8 Plus (Gold, 64 GB)","64 GB ROM13.97 cm (5.5 inch) Retina HD Display12MP + 12MP | 7MP Front CameraA11 Bionic Chip with 64-bit Architecture, Neural Engine, Embedded M11 Motion Coprocessor ProcessorBrand Warranty of 1 Year","₹49,900",4.6
"realme GT 6T 5G (Razor Green, 512 GB)",12 GB RAM | 512 GB ROM17.22 cm (6.78 inch) Display50MP Rear Camera5500 mAh Battery1 Year,"₹38,869",4.5
"OnePlus 12R (Cool Blue, 256 GB)",16 GB RAM | 256 GB ROM17.22 cm (6.78 inch) Display50MP Rear Camera5500 mAh Battery1 Year Brand Warranty,"₹44,866",4.5
"OnePlus 12R (Iron Gray, 256 GB)","8 GB RAM | 256 GB ROM17.22 cm (6.78 inch) Display50MP Rear Camera5500 mAh Battery1 Year Warranty
1 year manufacturer warranty for device and 1 year manufacturer warranty for in-box accessories including batteries from the date of purchase","₹42,989",4.5
"realme GT 6T 5G (Fluid Silver, 512 GB)",12 GB RAM | 512 GB ROM17.22 cm (6.78 inch) Display50MP Rear Camera5500 mAh Battery1 Year,"₹37,631",4.5
"SAMSUNG Galaxy S23 FE (Graphite, 256 GB)",8 GB RAM | 256 GB ROM16.26 cm (6.4 inch) Full HD+ Display50MP + 12MP | 10MP Front Camera4500 mAh BatterySamsung Exynos 2200 Processor1 Year Manufacturer Warranty for Device and 6 Months for In-Box Accessories,"₹44,999",4.3
"OnePlus 12R (Iron Grey, 256 GB)",16 GB RAM | 256 GB ROM17.22 cm (6.78 inch) Display50MP Rear Camera5500 mAh Battery1 Year Brand Warranty,"₹44,882",4.5
"realme GT 6 (Fluid Silver, 256 GB)",8 GB RAM | 256 GB ROM17.22 cm (6.78 inch) Full HD+ Display50MP + 8MP + 50MP | 32MP Front Camera5500 mAh Battery8s Gen 3 Mobile Platform Processor1 Year Manufacturer Warranty for Device and 6 Months Manufacturer Warranty for Inbox Accessories,"₹40,999",4.5
"SAMSUNG Galaxy Z Flip3 5G (Cream, 128 GB)",8 GB RAM | 128 GB ROM17.02 cm (6.7 inch) Full HD+ Display12MP + 12MP | 10MP Front Camera3300 mAh Lithium-ion BatteryQualcomm Snapdragon 888 Octa-Core Processor1 Year Manufacturer Warranty for Device and 6 months Manufacturer Warranty for In-Box Accessories,"₹37,999",4.3
"realme GT 6 (Fluid Silver, 256 GB)",12 GB RAM | 256 GB ROM17.22 cm (6.78 inch) Full HD+ Display50MP + 8MP + 50MP | 32MP Front Camera5500 mAh Battery8s Gen 3 Mobile Platform Processor1 Year Manufacturer Warranty for Device and 6 Months Manufacturer Warranty for Inbox Accessories,"₹42,999",4.4
"realme GT 6 (Razor Green, 256 GB)",12 GB RAM | 256 GB ROM17.22 cm (6.78 inch) Full HD+ Display50MP + 8MP + 50MP | 32MP Front Camera5500 mAh Battery8s Gen 3 Mobile Platform Processor1 Year Manufacturer Warranty for Device and 6 Months Manufacturer Warranty for Inbox Accessories,"₹42,999",4.4
"realme GT 6 (Razor Green, 512 GB)",16 GB RAM | 512 GB ROM17.22 cm (6.78 inch) Full HD+ Display50MP + 8MP + 50MP | 32MP Front Camera5500 mAh Battery8s Gen 3 Mobile Platform Processor1 Year Manufacturer Warranty for Device and 6 Months Manufacturer Warranty for Inbox Accessories,"₹44,999",4.4
"realme GT 6 (Fluid Silver, 512 GB)",16 GB RAM | 512 GB ROM17.22 cm (6.78 inch) Full HD+ Display50MP + 8MP + 50MP | 32MP Front Camera5500 mAh Battery8s Gen 3 Mobile Platform Processor1 Year Manufacturer Warranty for Device and 6 Months Manufacturer Warranty for Inbox Accessories,"₹44,999",4.4
"realme GT 6 (Razor Green, 256 GB)",8 GB RAM | 256 GB ROM17.22 cm (6.78 inch) Full HD+ Display50MP + 8MP + 50MP | 32MP Front Camera5500 mAh Battery8s Gen 3 Mobile Platform Processor1 Year Manufacturer Warranty for Device and 6 Months Manufacturer Warranty for Inbox Accessories,"₹40,999",4.5
"Apple iPhone 12 (Blue, 128 GB)","128 GB ROM15.49 cm (6.1 inch) Super Retina XDR Display12MP + 12MP | 12MP Front CameraA14 Bionic Chip with Next Generation Neural Engine ProcessorCeramic ShieldIndustry-leading IP68 Water ResistanceAll Screen OLED Display12MP TrueDepth Front Camera with Night Mode, 4K Dolby Vision HDR RecordingBrand Warranty for 1 Year","₹44,999",4.6
"Google Pixel 7 (Obsidian, 128 GB)",8 GB RAM | 128 GB ROM16.0 cm (6.3 inch) Full HD+ Display50MP + 12MP | 10.8MP Front Camera4270 mAh BatteryGoogle Tensor G2 Processor1 Year Domestic Warranty,"₹39,999",4.3
"vivo V30 5G (Classic Black, 256 GB)",12 GB RAM | 256 GB ROM17.22 cm (6.78 inch) Full HD+ Display50MP + 50MP | 50MP Front Camera5000 mAh Battery7 Gen 3 Processor1 Year Manufacturer Warranty for Device and 6 Months Manufacturer Warranty for Inbox Accessories,"₹37,999",4.5
"Xiaomi 14 CIVI (Matcha Green, 256 GB)",8 GB RAM | 256 GB ROM16.64 cm (6.55 inch) Display50MP Rear Camera | 32MP + 32MP Dual Front Camera4700 mAh Battery8s Gen 3 Mobile Platform Processor1 Year Manufacturer Warranty for Phone and 6 Months Warranty for In the Box Accessories,"₹42,999",4.2
"SAMSUNG Galaxy S23 FE (Purple, 256 GB)",8 GB RAM | 256 GB ROM16.26 cm (6.4 inch) Full HD+ Display50MP + 12MP | 10MP Front Camera4500 mAh BatterySamsung Exynos 2200 Processor1 Year Manufacturer Warranty for Device and 6 Months for In-Box Accessories,"₹44,999",4.3
"vivo V30 Pro 5G (Classic Black, 256 GB)",8 GB RAM | 256 GB ROM17.22 cm (6.78 inch) Full HD+ Display50MP + 50MP + 50MP | 50MP Front Camera5000 mAh BatteryDimensity 8200 5G Processor1 Year Manufacturer Warranty for Device and 6 Months Manufacturer Warranty for Inbox Accessories,"₹41,999",4.5
"vivo V30 Pro 5G (Andaman Blue, 256 GB)",8 GB RAM | 256 GB ROM17.22 cm (6.78 inch) Full HD+ Display50MP + 50MP + 50MP | 50MP Front Camera5000 mAh BatteryDimensity 8200 5G Processor1 Year Manufacturer Warranty for Device and 6 Months Manufacturer Warranty for Inbox Accessories,"₹41,999",4.5
"OnePlus 12R (Cool Blue, 256 GB)","8 GB RAM | 256 GB ROM17.22 cm (6.78 inch) Display50MP Rear Camera5500 mAh Battery1 Year Warranty
1 year manufacturer warranty for device and 1 year manufacturer warranty for in-box accessories including batteries from the date of purchase","₹42,199",4.5
"Xiaomi 14 CIVI (Cruise Blue, 256 GB)",8 GB RAM | 256 GB ROM16.64 cm (6.55 inch) Display50MP Rear Camera | 32MP + 32MP Dual Front Camera4700 mAh Battery8s Gen 3 Mobile Platform Processor1 Year Manufacturer Warranty for Phone and 6 Months Warranty for In the Box Accessories,"₹42,999",4.2
"vivo V29 Pro 5G (Black, 256 GB)",12 GB RAM | 256 GB ROM17.22 cm (6.78 inch) Full HD+ AMOLED Display50MP + 12MP + 8MP | 50MP Front Camera4600 mAh BatteryDimensity 8200 Processor1 Year Manufacturer Warranty for Phone and 6 Months Warranty for In the Box Accessories,"₹42,999",4.5
"SAMSUNG Galaxy A55 5G (Awesome Navy, 256 GB)",8 GB RAM | 256 GB ROM | Expandable Upto 1 TB16.76 cm (6.6 inch) Full HD+ Display50MP + 12MP + 5MP | 32MP Front Camera5000 mAh BatterySamsung Exynos 1480 Processor1 Year Manufacturer Warranty for Device and 6 Months for In-Box Accessories,"₹42,999",4.5
KARBONN K9,Expandable Upto 32 GB6.1 cm (2.4 inch) FWVGA Display1.3MP + 0MP | 2MP Front Camera1800 mAh 1800 mAh Battery BatteryNA Processor12 month Handset and 6 Month Box Accessories,"₹1,236",4.1
KARBONN KX70,52 MB RAM | 52 MB ROM | Expandable Upto 32 GB4.57 cm (1.8 inch) FWVGA Display0.03MP Rear Camera1800 mAh BatteryNA Processor12 month Handset and 6 Month Box Accessories,"₹1,095",3.6
"Motorola Edge 30 Fusion (Solar Gold, 128 GB)",8 GB RAM | 128 GB ROM16.64 cm (6.55 inch) Full HD+ Display50MP + 13MP + 2MP | 32MP Front Camera4400 mAh Lithium BatteryQualcomm Snapdragon 888 + Processor1 Year on Handset and 6 Months on Accessories,"₹42,999",4.3
"Google Pixel 6a (Chalk, 128 GB)",6 GB RAM | 128 GB ROM15.6 cm (6.14 inch) Full HD+ Display12.2MP + 12MP | 8MP Front Camera4410 mAh BatteryGoogle Tensor Processor1 Year Brand Warranty,"₹43,999",4.3
KARBONN Jumbo K9,Expandable Upto 8 GB6.1 cm (2.4 inch) FWVGA Display1.3MP + 0MP | 2MP Front Camera1800 mAh Li-Ion BatteryNA Processor12 month Handset and 6 Month Box Accessories,"₹1,249",4
KARBONN KX6i,52 MB RAM | 32 MB ROM | Expandable Upto 16 GB4.57 cm (1.8 inch) FWVGA+ Display0MP | 0.03MP Front Camera1000 mAh BatteryNA Processor12 month Handset and 6 Month Box Accessories,₹988,4.6
"Google Pixel 6a (Charcoal, 128 GB)",6 GB RAM | 128 GB ROM15.6 cm (6.14 inch) Full HD+ Display12.2MP + 12MP | 8MP Front Camera4410 mAh BatteryGoogle Tensor Processor1 Year Brand Warranty,"₹43,999",4.3
"Apple iPhone 7 Plus (Gold, 128 GB)",128 GB ROM13.94 cm (5.488 inch) Retina HD Display12MP + 12MP | 7MP Front CameraApple A10 Fusion 64-bit processor and Embedded M10 Motion Co-processorBrand Warranty of 1 Year,"₹42,900",4.5
"Motorola Edge 50 Pro 5G with 125W Charger (Black Beauty, 256 GB)",12 GB RAM | 256 GB ROM17.02 cm (6.7 inch) Display50MP + 13MP + 10MP | 50MP Front Camera4500 mAh Battery7 Gen 3 Mobile Platform Processor1 Year on Handset and 6 Months on Accessories,"₹35,999",4.4
"Motorola Edge 50 Pro 5G with 125W Charger (Luxe Lavender, 256 GB)",12 GB RAM | 256 GB ROM17.02 cm (6.7 inch) Display50MP + 13MP + 10MP | 50MP Front Camera4500 mAh Battery7 Gen 3 Mobile Platform Processor1 Year on Handset and 6 Months on Accessories,"₹35,999",4.4
KARBONN K9 Sleek,52 MB RAM | 65 MB ROM | Expandable Upto 32 GB6.1 cm (2.4 inch) FWVGA Display0.3MP Rear Camera1750 mAh BatteryNA Processor1 Year Service Repairing,"₹1,388",4.7
KARBONN k9 jumbo,16 GB RAM | 16 GB ROM | Expandable Upto 32 GB6.1 cm (2.4 inch) FWVGA+ Display2MP Rear Camera | 2MP Front Camera1800 mAh BatteryNA Processor1 Year,"₹1,250",4
"SAMSUNG Galaxy S23 FE (Mint, 128 GB)",8 GB RAM | 128 GB ROM16.26 cm (6.4 inch) Full HD+ Display50MP + 12MP | 10MP Front Camera4500 mAh BatterySamsung Exynos 2200 Processor1 Year Manufacturer Warranty for Device and 6 Months for In-Box Accessories,"₹39,999",4.3
"SAMSUNG Galaxy S23 FE (Graphite, 128 GB)",8 GB RAM | 128 GB ROM16.26 cm (6.4 inch) Full HD+ Display50MP + 12MP | 10MP Front Camera4500 mAh BatterySamsung Exynos 2200 Processor1 Year Manufacturer Warranty for Device and 6 Months for In-Box Accessories,"₹39,999",4.3
"OnePlus Nord 3 5G (Tempest Gray, 256 GB)",16 GB RAM | 256 GB ROM17.12 cm (6.74 inch) Display50MP Rear Camera5000 mAh BatteryDomestic 1 Year of Device & 6 Months for In-Box Accessories,"₹37,999",4.4
"SAMSUNG Galaxy S23 FE (Purple, 128 GB)",8 GB RAM | 128 GB ROM16.26 cm (6.4 inch) Full HD+ Display50MP + 12MP | 10MP Front Camera4500 mAh BatterySamsung Exynos 2200 Processor1 Year Manufacturer Warranty for Device and 6 Months for In-Box Accessories,"₹39,999",4.3
"Google Pixel 7a (Sea, 128 GB)",8 GB RAM | 128 GB ROM15.49 cm (6.1 inch) Full HD+ Display64MP (OIS) + 13MP | 13MP Front Camera4300 mAh BatteryTensor G2 Processor1 Year Domestic Warranty,"₹37,999",4.1
"Google Pixel 7a (Charcoal, 128 GB)",8 GB RAM | 128 GB ROM15.49 cm (6.1 inch) Full HD+ Display64MP (OIS) + 13MP | 13MP Front Camera4300 mAh BatteryTensor G2 Processor1 Year Domestic Warranty,"₹37,999",4.1
"OnePlus 11R 5G (Galactic Silver, 256 GB)",16 GB RAM | 256 GB ROM17.02 cm (6.7 inch) Display50MP Rear Camera | 16MP Front Camera5000 mAh BatteryDomestic warranty of 12 months on phone & 6 months on accessories,"₹37,499",4.5
"OnePlus 11R 5G (Galactic Silver, 128 GB)",8 GB RAM | 128 GB ROM17.02 cm (6.7 inch) Display50MP Rear Camera5000 mAh BatteryDomestic warranty of 12 months on phone & 6 months on accessories,"₹31,395",4.5
"realme GT 6T 5G (Razor Green, 256 GB)",8 GB RAM | 256 GB ROM17.22 cm (6.78 inch) Display50MP Rear Camera5500 mAh Battery1 Year,"₹30,230",4.5
"realme GT 6T 5G (Razor Green, 256 GB)",12 GB RAM | 256 GB ROM17.22 cm (6.78 inch) Display50MP Rear Camera5500 mAh Battery1 Year,"₹33,890",4.5
"OPPO Reno8 Pro 5G - House of The Dragon (House of The Dragon, 256 GB)",12 GB RAM | 256 GB ROM17.02 cm (6.7 inch) Full HD+ AMOLED Display50MP + 8MP + 2MP | 32MP Front Camera4500 mAh Lithium-ion Polymer BatteryMediatek Dimensity 8100 Max Processor1 Year Warranty for Phone and 6 Months Warranty for In-Box Accessories,"₹45,999",4.3
"OnePlus 10 Pro 5G (Volcanic Black, 128 GB)",8 GB RAM | 128 GB ROM17.02 cm (6.7 inch) Display48MP Rear Camera5000 mAh Battery1 Year Manufacturer Warranty for Handset and 6 Months Warranty for In the Box Accessories,"₹41,789",4.2
"vivo V27 5G (Magic Blue, 128 GB)",8 GB RAM | 128 GB ROM17.22 cm (6.78 Inch) Full HD+ AMOLED Display50MP (OIS) + 8MP + 2MP | 50MP Front Camera4600 mAh BatteryMediatek Dimensity 7200 5G Processor1 Year Brand Warranty,"₹32,999",4.4
"SAMSUNG Galaxy A54 5G (Awesome Violet, 128 GB)","8 GB RAM | 128 GB ROM | Expandable Upto 1 TB16.26 cm (6.4 inch) Full HD+ Display50MP + 12MP + 5MP | 32MP Front Camera5000 mAh BatteryExynos 1380, Octa Core Processor1 Year Manufacturer Warranty for Device and 6 Months Manufacturer Warranty for In-Box Accessories","₹35,499",4.3
KARBONN K9,Expandable Upto 32 GB6.1 cm (2.4 inch) FWVGA Display1.3MP + 0MP | 2MP Front Camera1800 mAh 1800 mAh Battery BatteryNA Processor12 month Handset and 6 Month Box Accessories,"₹1,236",4.1
KARBONN KX70,52 MB RAM | 52 MB ROM | Expandable Upto 32 GB4.57 cm (1.8 inch) FWVGA Display0.03MP Rear Camera1800 mAh BatteryNA Processor12 month Handset and 6 Month Box Accessories,"₹1,095",3.6
"SAMSUNG Galaxy A54 5G (Awesome Violet, 256 GB)","8 GB RAM | 256 GB ROM | Expandable Upto 1 TB16.26 cm (6.4 inch) Full HD+ Display50MP + 12MP + 5MP | 32MP Front Camera5000 mAh BatteryExynos 1380, Octa Core Processor1 Year Manufacturer Warranty for Device and 6 Months Manufacturer Warranty for In-Box Accessories","₹37,499",4.3
"Tecno Camon 30 Premier 5G (Snowy Silver, 512 GB)",12 GB RAM | 512 GB ROM17.2 cm (6.77 inch) Full HD+ Display50MP + 50MP | 50MP Front Camera5000 mAh BatteryMediatek Dimensity 8200 Ultimate Processor1 year manufacturer Warranty,"₹39,999",1.3
"Mi 10T (Cosmic Black, 128 GB)",8 GB RAM | 128 GB ROM16.94 cm (6.67 inch) Full HD+ Display64MP + 13MP + 5MP | 20MP Front Camera5000 mAh Li-ion Polymer BatteryQualcomm Snapdragon 865 Processor144Hz Intelligent AdaptiveSync Display33W Dual Split Flash Charge1 Year Manufacturer Warranty for Device and 6 Months Manufacturer Warranty for In-box Accessories,"₹37,999",4.1
"Tecno Camon 30 Premier 5G (Lava Black, 512 GB)",12 GB RAM | 512 GB ROM17.2 cm (6.77 inch) Full HD+ Display50MP + 50MP | 50MP Front Camera5000 mAh BatteryMediatek Dimensity 8200 Processor1 year manufacturer Warranty,"₹39,999",1.3
KARBONN Jumbo K9,Expandable Upto 8 GB6.1 cm (2.4 inch) FWVGA Display1.3MP + 0MP | 2MP Front Camera1800 mAh Li-Ion BatteryNA Processor12 month Handset and 6 Month Box Accessories,"₹1,249",4
KARBONN KX6i,52 MB RAM | 32 MB ROM | Expandable Upto 16 GB4.57 cm (1.8 inch) FWVGA+ Display0MP | 0.03MP Front Camera1000 mAh BatteryNA Processor12 month Handset and 6 Month Box Accessories,₹988,4.6
"Mi 10T (Cosmic Black, 128 GB)",6 GB RAM | 128 GB ROM16.94 cm (6.67 inch) Full HD+ Display64MP + 13MP + 5MP | 20MP Front Camera5000 mAh Li-ion Polymer BatteryQualcomm Snapdragon 865 Processor144Hz Intelligent AdaptiveSync Display33W Dual Split Flash Charge1 Year Manufacturer Warranty for Device and 6 Months Manufacturer Warranty for In-box Accessories,"₹35,999",4.2
"SAMSUNG Galaxy A53 (Awesome Blue, 256 GB)",8 GB RAM | 256 GB ROM | Expandable Upto 1 TB16.51 cm (6.5 inch) Full HD+ Display64MP + 12MP + 5MP + 5MP | 32MP Front Camera5000 mAh Lithium Ion BatteryExynos Octa Core Processor Processor1 Year Manufacturer Warranty for Device and 6 Months Manufacturer Warranty for In-Box,"₹29,990",4.1
KARBONN K9 Sleek,52 MB RAM | 65 MB ROM | Expandable Upto 32 GB6.1 cm (2.4 inch) FWVGA Display0.3MP Rear Camera1750 mAh BatteryNA Processor1 Year Service Repairing,"₹1,388",4.7
KARBONN k9 jumbo,16 GB RAM | 16 GB ROM | Expandable Upto 32 GB6.1 cm (2.4 inch) FWVGA+ Display2MP Rear Camera | 2MP Front Camera1800 mAh BatteryNA Processor1 Year,"₹1,250",4
"OnePlus 9 Pro 5G (Stellar Black, 128 GB)",8 GB RAM | 128 GB ROM17.02 cm (6.7 inch) Display48MP Rear Camera4500 mAh Battery1 Year Warranty,"₹39,990",4.1
"SAMSUNG Galaxy A54 5G (Awesome White, 256 GB)","8 GB RAM | 256 GB ROM | Expandable Upto 1 TB16.26 cm (6.4 inch) Full HD+ Display50MP + 12MP + 5MP | 32MP Front Camera5000 mAh BatteryExynos 1380, Octa Core Processor1 Year Manufacturer Warranty for Device and 6 Months Manufacturer Warranty for In-Box Accessories","₹36,999",4.3
"vivo V27 Pro 5G (Magic Blue, 128 GB)",8 GB RAM | 128 GB ROM17.22 cm (6.78 inch) Full HD+ Display50MP (OIS) + 8MP + 2MP | 50MP Front Camera4600 mAh BatteryMediatek Dimensity 8200 Processor1 Year Manufacturer Warranty for Phone and 6 Months Warranty for In the Box Accessories,"₹32,890",4.4
"vivo V27 Pro 5G (Magic Blue, 256 GB)",8 GB RAM | 256 GB ROM17.22 cm (6.78 inch) Full HD+ Display50MP (OIS) + 8MP + 2MP | 50MP Front Camera4600 mAh BatteryMediatek Dimensity 8200 Processor1 Year Manufacturer Warranty for Phone and 6 Months Warranty for In the Box Accessories,"₹39,999",4.4
"vivo V27 Pro 5G (Noble Black, 128 GB)",8 GB RAM | 128 GB ROM17.22 cm (6.78 inch) Full HD+ Display50MP (OIS) + 8MP + 2MP | 50MP Front Camera4600 mAh BatteryMediatek Dimensity 8200 Processor1 Year Manufacturer Warranty for Phone and 6 Months Warranty for In the Box Accessories,"₹37,999",4.4
"vivo V23 Pro 5G (Stardust Black, 128 GB)",8 GB RAM | 128 GB ROM | Expandable Upto 12 GB16.66 cm (6.56 inch) Full HD+ Display108MP + 8MP + 2MP | 50MP + 8MP Dual Front Camera4300 mAh Lithium BatteryMediatek Dimensity 1200 Processor1 Year Manufacturer Warranty for Phone and 6 Months Warranty for In the Box Accessories,"₹38,990",4.3
"Mi 11X Pro 5G (Cosmic Black, 256 GB)",8 GB RAM | 256 GB ROM16.94 cm (6.67 inch) Full HD+ Display108MP + 8MP + 5MP | 20MP Front Camera4520 mAh BatteryQualcomm Snapdragon 888 Processor1 Year Manufacturer Warranty for Device and 6 Months Manufacturer Warranty for In-box Accessories,"₹39,999",4
"OnePlus 9 Pro 5G (Morning Mist, 128 GB)",8 GB RAM | 128 GB ROM17.02 cm (6.7 inch) Display48MP Rear Camera4500 mAh Battery1 Year Manufacturer Warranty for Handset and 6 Months Warranty for In the Box Accessories,"₹39,990",4.1
"Lenovo Z6 Pro (Black, 128 GB)",8 GB RAM | 128 GB ROM | Expandable Upto 512 GB16.23 cm (6.39 inch) Full HD+ Display48MP + 2MP + 16MP + 8MP | 32MP Front Camera4000 mAh Li-polymer BatteryQualcomm SDM855 ProcessorBrand Warranty of 1 Year Available for Mobile and 6 Months for Accessories,"₹39,999",3.8
"vivo X70 Pro (Aurora Dawn, 128 GB)",8 GB RAM | 128 GB ROM16.66 cm (6.56 inch) Full HD+ Display50MP + 12MP + 12MP + 8MP | 32MP Front Camera4450 mAh BatteryMediaTek Dimensity 1200 Processor1 Year for Handset and 6 Months for In-box Accessories,"₹36,990",4.5
"REDMI 13C (Stardust Black, 128 GB)",4 GB RAM | 128 GB ROM | Expandable Upto 1 TB17.12 cm (6.74 inch) HD+ Display50MP Rear Camera | 8MP Front Camera5000 mAh BatteryHelio G85 Processor1 Year Manufacturer Warranty for Phone and 6 Months Warranty for In the Box Accessories,"₹7,699",4.3
"Motorola g04s (Satin Blue, 64 GB)",4 GB RAM | 64 GB ROM | Expandable Upto 1 TB16.76 cm (6.6 inch) HD+ Display50MP Rear Camera | 5MP Front Camera5000 mAh BatteryT606 Processor1 Year on Handset and 6 Months on Accessories,"₹6,999",4.2
"REDMI 13C (Starshine Green, 128 GB)",4 GB RAM | 128 GB ROM | Expandable Upto 1 TB17.12 cm (6.74 inch) HD+ Display50MP Rear Camera | 8MP Front Camera5000 mAh BatteryHelio G85 Processor1 Year Manufacturer Warranty for Phone and 6 Months Warranty for In the Box Accessories,"₹7,699",4.3
"POCO C65 (Pastel Blue, 128 GB)",4 GB RAM | 128 GB ROM | Expandable Upto 1 TB17.12 cm (6.74 inch) HD+ Display50MP + AI Lens + 2MP | 8MP Front Camera5000 mAh BatteryHelio G85 Processor1 Year Manufacturer Warranty for Phone and 6 Months Warranty for in the Box Accessories,"₹6,999",4.3
"vivo T3x 5G (Celestial Green, 128 GB)",4 GB RAM | 128 GB ROM | Expandable Upto 1 TB17.07 cm (6.72 inch) Full HD+ Display50MP + 2MP | 8MP Front Camera6000 mAh Battery6 Gen 1 Processor1 Year Manufacturer Warranty for Device and 6 Months Manufacturer Warranty for Inbox Accessories,"₹13,499",4.5
"vivo T3x 5G (Celestial Green, 128 GB)",8 GB RAM | 128 GB ROM | Expandable Upto 1 TB17.07 cm (6.72 inch) Full HD+ Display50MP + 2MP | 8MP Front Camera6000 mAh Battery6 Gen 1 Processor1 Year Manufacturer Warranty for Device and 6 Months Manufacturer Warranty for Inbox Accessories,"₹16,499",4.4
"vivo T3 Lite 5G (Majestic Black, 128 GB)",6 GB RAM | 128 GB ROM | Expandable Upto 1 TB16.66 cm (6.56 inch) Display50MP + 2MP | 8MP Front Camera5000 mAh BatteryDimensity 6300 Processor1 Year Manufacturer Warranty for Device and 6 Months Manufacturer Warranty for Inbox Accessories,"₹11,499",4.5
"Motorola Edge 50 Pro 5G with 125W Charger (Moonlight Pearl, 256 GB)",12 GB RAM | 256 GB ROM17.02 cm (6.7 inch) Display50MP + 13MP + 10MP | 50MP Front Camera4500 mAh Battery7 Gen 3 Mobile Platform Processor1 Year on Handset and 6 Months on Accessories,"₹35,999",4.4
"Apple iPhone 11 (Black, 128 GB) (Includes EarPods, Power Adapter)",128 GB ROM15.49 cm (6.1 inch) Liquid Retina HD Display12MP + 12MP | 12MP Front CameraA13 Bionic Chip ProcessorBrand Warranty for 1 Year,"₹39,999",4.6
"SAMSUNG Galaxy S22 5G (Phantom Black, 128 GB)",8 GB RAM | 128 GB ROM15.49 cm (6.1 inch) Full HD+ Display50MP + 12MP + 10MP | 10MP Front Camera3700 mAh Lithium-ion BatterySnapdragon 8 Gen 1 Processor1 Year Manufacturer Warranty for Device and 6 Months Manufacturer Warranty for In-Box Accessories,"₹36,999",4.4
"Apple iPhone 11 (Black, 64 GB)",64 GB ROM15.49 cm (6.1 inch) Liquid Retina HD Display12MP + 12MP | 12MP Front CameraA13 Bionic Chip ProcessorBrand Warranty of 1 Year,"₹29,999",4.6
"IQOO Neo9 Pro (Fiery Red, 256 GB)",8 GB RAM | 256 GB ROM17.22 cm (6.78 inch) Display50MP Rear Camera5160 mAh Battery1 Year,"₹41,000",4.5
"IQOO Neo 9 Pro (Fiery Red, 256 GB)",8 GB RAM | 256 GB ROM17.22 cm (6.78 inch) Display50MP Rear Camera5160 mAh Battery1 Year on Handset and 6 Months on Accessories,"₹38,993",4.4
"IQOO NEO9 PRO (Fiery Red, 128 GB)",8 GB RAM | 128 GB ROM17.22 cm (6.78 inch) Display50MP Rear Camera5160 mAh Battery1 Year,"₹39,990",4.5
"IQOO Neo 9 Pro (Conqueror Black, 256 GB)",8 GB RAM | 256 GB ROM17.22 cm (6.78 inch) Display50MP Rear Camera5160 mAh Battery1 Year on Handset and 6 Months on Accessories,"₹38,999",4.4
"IQOO Neo9 Pro (Conqueror Black, 128 GB)",8 GB RAM | 128 GB ROM17.22 cm (6.78 inch) Display50MP Rear Camera5160 mAh Battery1 Year,"₹35,995",4.5
"Apple iPhone 11 (Black, 128 GB)",128 GB ROM15.49 cm (6.1 inch) Liquid Retina HD Display12MP + 12MP | 12MP Front CameraA13 Bionic Chip ProcessorBrand Warranty of 1 Year,"₹39,999",4.6
"realme GT 2 Pro (Paper White, 256 GB)",12 GB RAM | 256 GB ROM17.02 cm (6.7 inch) Quad HD Display50MP + 50MP + 2MP | 32MP Front Camera5000 mAh Lithium Ion BatteryQualcomm Snapdragon 8 Gen 1 Mobile Platform Processor1 Year Manufacturer Warranty for Phone and 6 Months Warranty for In-Box Accessories,"₹37,790",4.3
"OnePlus 10R 5G (Sierra Black, 256 GB)",12 GB RAM | 256 GB ROM17.02 cm (6.7 inch) Display50MP Rear Camera4500 mAh Battery1 Year Manufacturer Warranty for Handset and 6 Months Warranty for In the Box Accessories,"₹39,999",4.2
"SAMSUNG Galaxy A52s 5G (Awesome White, 128 GB)",8 GB RAM | 128 GB ROM | Expandable Upto 1 TB16.51 cm (6.5 inch) Full HD+ Display64MP + 12MP + 5MP + 5MP | 32MP Front Camera4500 mAh Li-ion BatteryQualcomm Snapdragon 778G Processor1 Year Manufacturer Warranty for Device and 6 Months Manufacturer Warranty for In-box Accessories,"₹37,999",4.2
"SAMSUNG A52s 5G (Awesome Black, 128 GB)",6 GB RAM | 128 GB ROM16.51 cm (6.5 inch) Display64MP Rear Camera4500 mAh Battery1 year on phone & 6 months on accessories,"₹38,999",4.1
"SAMSUNG Galaxy A52s 5G (Awesome Black, 128 GB)",8 GB RAM | 128 GB ROM | Expandable Upto 1 TB16.51 cm (6.5 inch) Full HD+ Display64MP + 12MP + 5MP + 5MP | 32MP Front Camera4500 mAh Li-ion BatteryQualcomm Snapdragon 778G Processor1 Year Manufacturer Warranty for Device and 6 Months Manufacturer Warranty for In-box Accessories,"₹37,999",4.2
KARBONN K9,Expandable Upto 32 GB6.1 cm (2.4 inch) FWVGA Display1.3MP + 0MP | 2MP Front Camera1800 mAh 1800 mAh Battery BatteryNA Processor12 month Handset and 6 Month Box Accessories,"₹1,236",4.1
KARBONN KX70,52 MB RAM | 52 MB ROM | Expandable Upto 32 GB4.57 cm (1.8 inch) FWVGA Display0.03MP Rear Camera1800 mAh BatteryNA Processor12 month Handset and 6 Month Box Accessories,"₹1,095",3.6
"OnePlus Nord CE 3 Lite 5G (Pastel Lime, 256 GB)",8 GB RAM | 256 GB ROM17.07 cm (6.72 inch) Display108MP Rear Camera5000 mAh BatteryDomestic Warranty of 12 months on phone & 6 months on accessories,"₹18,797",4.4
"Motorola g64 5G (Ice Lilac, 128 GB)",8 GB RAM | 128 GB ROM | Expandable Upto 1 TB16.51 cm (6.5 inch) Full HD+ Display50MP (OIS) + 8MP | 16MP Front Camera6000 mAh BatteryDimensity 7025 Processor1 Year on Handset and 6 Months on Accessories,"₹14,999",4.2
"Motorola G34 5G (Ice Blue, 128 GB)",4 GB RAM | 128 GB ROM16.51 cm (6.5 inch) HD+ Display50MP + 2MP | 16MP Front Camera5000 mAh BatterySnapdragon 695 5G Processor1 Year on Handset and 6 Months on Accessories,"₹10,999",4.2
"Motorola G34 5G (Ocean Green, 128 GB)",4 GB RAM | 128 GB ROM16.51 cm (6.5 inch) HD+ Display50MP + 2MP | 16MP Front Camera5000 mAh BatterySnapdragon 695 5G ProcessorVegan Leather Design1 Year on Handset and 6 Months on Accessories,"₹10,999",4.2
KARBONN Jumbo K9,Expandable Upto 8 GB6.1 cm (2.4 inch) FWVGA Display1.3MP + 0MP | 2MP Front Camera1800 mAh Li-Ion BatteryNA Processor12 month Handset and 6 Month Box Accessories,"₹1,249",4
KARBONN KX6i,52 MB RAM | 32 MB ROM | Expandable Upto 16 GB4.57 cm (1.8 inch) FWVGA+ Display0MP | 0.03MP Front Camera1000 mAh BatteryNA Processor12 month Handset and 6 Month Box Accessories,₹988,4.6
"OnePlus Nord CE 3 Lite 5G (Chromatic Gray, 128 GB)",8 GB RAM | 128 GB ROM17.07 cm (6.72 inch) Display108MP Rear Camera5000 mAh BatteryDomestic Warranty of 12 months on phone & 6 months on accessories,"₹16,799",4.4
"OnePlus Nord CE 3 Lite 5G (Chromatic Gray, 256 GB)",8 GB RAM | 256 GB ROM17.07 cm (6.72 inch) Display108MP Rear Camera5000 mAh BatteryDomestic Warranty of 12 months on phone & 6 months on accessories,"₹18,764",4.4
KARBONN K9 Sleek,52 MB RAM | 65 MB ROM | Expandable Upto 32 GB6.1 cm (2.4 inch) FWVGA Display0.3MP Rear Camera1750 mAh BatteryNA Processor1 Year Service Repairing,"₹1,388",4.7
KARBONN k9 jumbo,16 GB RAM | 16 GB ROM | Expandable Upto 32 GB6.1 cm (2.4 inch) FWVGA+ Display2MP Rear Camera | 2MP Front Camera1800 mAh BatteryNA Processor1 Year,"₹1,250",4
"Motorola g04s (Sunrise Orange, 64 GB)",4 GB RAM | 64 GB ROM | Expandable Upto 1 TB16.76 cm (6.6 inch) HD+ Display50MP Rear Camera | 5MP Front Camera5000 mAh BatteryT606 Processor1 Year on Handset and 6 Months on Accessories,"₹6,999",4.2
LAVA A1 Josh BOL Keypad Mobile|1000 mAh Battery|Expandable Storage 32GB,4 MB RAM | 4 MB ROM | Expandable Upto 32 GB4.5 cm (1.77 inch) Quarter QVGA Display1000 mAh Battery1 Year Manufacturer Replacement Guarantee for Phone and 6 months Replacement for Accessories in the Box,₹960,4
"Motorola g64 5G (Mint Green, 128 GB)",8 GB RAM | 128 GB ROM | Expandable Upto 1 TB16.51 cm (6.5 inch) Full HD+ Display50MP (OIS) + 8MP | 16MP Front Camera6000 mAh BatteryDimensity 7025 Processor1 Year on Handset and 6 Months on Accessories,"₹14,999",4.2
"Motorola e13 (Cosmic Black, 64 GB)",2 GB RAM | 64 GB ROM | Expandable Upto 1 TB16.51 cm (6.5 inch) HD+ Display13MP Rear Camera | 5MP Front Camera5000 mAh BatteryUnisoc T606 Processor1 Year on Handset and 6 Months on Accessories,"₹5,999",4
KARBONN K9 Victory,32 MB RAM | 32 MB ROM | Expandable Upto 32 GB6.1 cm (2.4 inch) FWVGA Display0MP | 2MP Front Camera2500 mAh BatteryNA Processor12 month Handset and 6 Month Box Accessories,"₹1,463",3.8
"Motorola g64 5G (Ice Lilac, 256 GB)",12 GB RAM | 256 GB ROM | Expandable Upto 1 TB16.51 cm (6.5 inch) Full HD+ Display50MP (OIS) + 8MP | 16MP Front Camera6000 mAh BatteryDimensity 7025 Processor1 Year on Handset and 6 Months on Accessories,"₹16,999",4.2
"OnePlus Nord CE 3 Lite 5G (Pastel Lime, 128 GB)",8 GB RAM | 128 GB ROM17.07 cm (6.72 inch) Display108MP Rear Camera5000 mAh BatteryDomestic Warranty of 12 months on phone & 6 months on accessories,"₹16,999",4.4
"POCO M6 5G (Orion Blue, 256 GB)",8 GB RAM | 256 GB ROM | Expandable Upto 1 TB17.12 cm (6.74 inch) HD+ Display50MP Rear Camera | 5MP Front Camera5000 mAh BatteryMediatek Dimensity 6100+ Processor1 Year Manufacturer Warranty for Phone and 6 Months Warranty for In the Box Accessories,"₹10,999",4.2
"Motorola g04s (Sea Green, 64 GB)",4 GB RAM | 64 GB ROM | Expandable Upto 1 TB16.76 cm (6.6 inch) HD+ Display50MP Rear Camera | 5MP Front Camera5000 mAh BatteryT606 Processor1 Year on Handset and 6 Months on Accessories,"₹6,999",4.2
"POCO C61 (Diamond Dust Black, 64 GB)",4 GB RAM | 64 GB ROM | Expandable Upto 1 TB17.04 cm (6.71 inch) HD+ Display8MP Rear Camera | 5MP Front Camera5000 mAh BatteryHelio G36 Processor1 Year Manufacturer Warranty for Phone and 6 Months Warranty for In the Box Accessories,"₹6,499",4.2
"POCO C61 (Ethereal Blue, 64 GB)",4 GB RAM | 64 GB ROM | Expandable Upto 1 TB17.04 cm (6.71 inch) HD+ Display8MP Rear Camera | 5MP Front Camera5000 mAh BatteryHelio G36 Processor1 Year Manufacturer Warranty for Phone and 6 Months Warranty for In the Box Accessories,"₹6,499",4.2
"Nokia 130 Music Dual Sim, Music Player, Wireless FM Radio and Dedicated Music Buttons",4 MB RAM | 4 MB ROM6.1 cm (2.4 inch) Display0MP Front Camera1450 mAh Battery6261D Processor1 Year Replacement Warranty for Device and 6 Months Manufacturer Warranty for Inbox Accessories Including Battery from the Date of Purchase,"₹2,195",4.2
